<keymap version="1" name="Hans Ott" parent="Mac OS X">
  <action id="$Redo">
    <keyboard-shortcut first-keystroke="meta y" />
  </action>
  <action id="ActivateEventLogToolWindow">
    <keyboard-shortcut first-keystroke="ctrl back_quote" />
  </action>
  <action id="ActivateProjectToolWindow">
    <keyboard-shortcut first-keystroke="meta 1" />
    <keyboard-shortcut first-keystroke="meta k" second-keystroke="meta b" />
  </action>
  <action id="Back">
    <mouse-shortcut keystroke="button4" />
    <keyboard-shortcut first-keystroke="ctrl minus" />
  </action>
  <action id="ChangesView.AddUnversioned" />
  <action id="CheckinProject" />
  <action id="CloseAllEditorsButActive">
    <keyboard-shortcut first-keystroke="meta alt w" />
  </action>
  <action id="CloseContent">
    <keyboard-shortcut first-keystroke="meta w" />
  </action>
  <action id="CodeCompletion" />
  <action id="CollapseAll" />
  <action id="CollapseAllRegions">
    <keyboard-shortcut first-keystroke="shift meta subtract" />
    <keyboard-shortcut first-keystroke="shift meta minus" />
    <keyboard-shortcut first-keystroke="meta k" second-keystroke="meta 1" />
  </action>
  <action id="CollapseBlock" />
  <action id="CollapseRegion">
    <keyboard-shortcut first-keystroke="meta alt open_bracket" />
  </action>
  <action id="CommentByBlockComment">
    <keyboard-shortcut first-keystroke="shift meta colon" />
  </action>
  <action id="CommentByLineComment">
    <keyboard-shortcut first-keystroke="meta slash" />
  </action>
  <action id="CompareTwoFiles" />
  <action id="Console.History.Next" />
  <action id="Console.History.Previous" />
  <action id="Console.Jdbc.Execute" />
  <action id="Console.Jpa.Execute" />
  <action id="Console.Jpa.GenerateSql" />
  <action id="Console.TableResult.DeleteRows">
    <keyboard-shortcut first-keystroke="meta back_space" />
  </action>
  <action id="Console.TableResult.EditValue">
    <keyboard-shortcut first-keystroke="alt enter" />
  </action>
  <action id="Console.TableResult.MaximizeEditingCell">
    <keyboard-shortcut first-keystroke="alt enter" />
  </action>
  <action id="Console.TableResult.NavigateForeignAction">
    <mouse-shortcut keystroke="meta button1" />
    <mouse-shortcut keystroke="button2" />
  </action>
  <action id="Console.TableResult.NextPage" />
  <action id="DashLauncherAction">
    <keyboard-shortcut first-keystroke="ctrl alt d" />
    <keyboard-shortcut first-keystroke="ctrl h" />
  </action>
  <action id="DatabaseView.CloseConnectionAction">
    <keyboard-shortcut first-keystroke="delete" />
  </action>
  <action id="DecrementWindowHeight" />
  <action id="Diff.ShowDiff" />
  <action id="DomElementsTreeView.DeleteElement">
    <keyboard-shortcut first-keystroke="delete" />
  </action>
  <action id="EditSourceInNewWindow" />
  <action id="Editor Delete">
    <keyboard-shortcut first-keystroke="delete" />
  </action>
  <action id="Editor Redo">
    <keyboard-shortcut first-keystroke="meta y" />
  </action>
  <action id="EditorCutLineEnd">
    <keyboard-shortcut first-keystroke="ctrl k" />
  </action>
  <action id="EditorDecreaseFontSize">
    <keyboard-shortcut first-keystroke="meta subtract" />
  </action>
  <action id="EditorDelete">
    <keyboard-shortcut first-keystroke="delete" />
  </action>
  <action id="EditorDeleteLine">
    <keyboard-shortcut first-keystroke="meta back_space" />
    <keyboard-shortcut first-keystroke="shift ctrl k" />
  </action>
  <action id="EditorDeleteToLineStart">
    <keyboard-shortcut first-keystroke="ctrl u" />
  </action>
  <action id="EditorDuplicate">
    <keyboard-shortcut first-keystroke="shift meta d" />
  </action>
  <action id="EditorIncreaseFontSize">
    <keyboard-shortcut first-keystroke="meta add" />
  </action>
  <action id="EditorJoinLines">
    <keyboard-shortcut first-keystroke="meta j" />
  </action>
  <action id="EditorLineEnd">
    <keyboard-shortcut first-keystroke="meta right" />
    <keyboard-shortcut first-keystroke="ctrl e" />
  </action>
  <action id="EditorLineEndWithSelection">
    <keyboard-shortcut first-keystroke="shift meta right" />
  </action>
  <action id="EditorLineStart">
    <keyboard-shortcut first-keystroke="meta left" />
    <keyboard-shortcut first-keystroke="ctrl a" />
  </action>
  <action id="EditorLineStartWithSelection">
    <keyboard-shortcut first-keystroke="shift meta left" />
  </action>
  <action id="EditorMatchBrace">
    <keyboard-shortcut first-keystroke="ctrl m" />
  </action>
  <action id="EditorScrollDown">
    <keyboard-shortcut first-keystroke="ctrl alt down" />
  </action>
  <action id="EditorScrollToCenter">
    <keyboard-shortcut first-keystroke="ctrl l" />
  </action>
  <action id="EditorScrollUp">
    <keyboard-shortcut first-keystroke="ctrl alt up" />
  </action>
  <action id="EditorSelectLine">
    <keyboard-shortcut first-keystroke="meta l" />
  </action>
  <action id="EditorSelectWord">
    <keyboard-shortcut first-keystroke="shift meta a" />
    <keyboard-shortcut first-keystroke="shift meta space" />
    <keyboard-shortcut first-keystroke="meta d" />
  </action>
  <action id="EditorSplitLine">
    <keyboard-shortcut first-keystroke="shift enter" />
  </action>
  <action id="EditorStartNewLine">
    <keyboard-shortcut first-keystroke="meta enter" />
  </action>
  <action id="EditorStartNewLineBefore">
    <keyboard-shortcut first-keystroke="shift meta enter" />
  </action>
  <action id="EditorTextEnd">
    <keyboard-shortcut first-keystroke="meta down" />
  </action>
  <action id="EditorTextEndWithSelection">
    <keyboard-shortcut first-keystroke="shift meta down" />
  </action>
  <action id="EditorTextStart">
    <keyboard-shortcut first-keystroke="meta up" />
  </action>
  <action id="EditorTextStartWithSelection">
    <keyboard-shortcut first-keystroke="shift meta up" />
  </action>
  <action id="EditorToggleUseSoftWraps">
    <keyboard-shortcut first-keystroke="ctrl meta w" />
  </action>
  <action id="ExpandAll" />
  <action id="ExpandAllRegions">
    <keyboard-shortcut first-keystroke="shift meta add" />
    <keyboard-shortcut first-keystroke="shift meta equals" />
    <keyboard-shortcut first-keystroke="meta k" second-keystroke="meta j" />
  </action>
  <action id="ExpandAllToLevel1">
    <keyboard-shortcut first-keystroke="meta alt multiply" second-keystroke="1" />
  </action>
  <action id="ExpandAllToLevel2">
    <keyboard-shortcut first-keystroke="meta alt multiply" second-keystroke="2" />
    <keyboard-shortcut first-keystroke="meta k" second-keystroke="meta 2" />
  </action>
  <action id="ExpandAllToLevel3">
    <keyboard-shortcut first-keystroke="meta alt multiply" second-keystroke="3" />
    <keyboard-shortcut first-keystroke="meta k" second-keystroke="meta 3" />
  </action>
  <action id="ExpandAllToLevel4">
    <keyboard-shortcut first-keystroke="meta alt multiply" second-keystroke="4" />
    <keyboard-shortcut first-keystroke="meta k" second-keystroke="meta 4" />
  </action>
  <action id="ExpandAllToLevel5">
    <keyboard-shortcut first-keystroke="meta alt multiply" second-keystroke="5" />
    <keyboard-shortcut first-keystroke="meta k" second-keystroke="meta 5" />
  </action>
  <action id="ExpandRegion">
    <keyboard-shortcut first-keystroke="meta alt close_bracket" />
  </action>
  <action id="FileChooser.GotoDesktop" />
  <action id="FileChooser.NewFolder" />
  <action id="FileStructurePopup">
    <keyboard-shortcut first-keystroke="meta f12" />
    <keyboard-shortcut first-keystroke="meta r" />
  </action>
  <action id="Find">
    <keyboard-shortcut first-keystroke="meta f" />
  </action>
  <action id="FindInPath">
    <keyboard-shortcut first-keystroke="shift ctrl f" />
    <keyboard-shortcut first-keystroke="shift meta f" />
  </action>
  <action id="FindNext">
    <keyboard-shortcut first-keystroke="meta g" />
  </action>
  <action id="FindPrevious">
    <keyboard-shortcut first-keystroke="shift meta g" />
  </action>
  <action id="FindUsages">
    <keyboard-shortcut first-keystroke="alt f7" />
    <keyboard-shortcut first-keystroke="meta u" />
  </action>
  <action id="Forward">
    <mouse-shortcut keystroke="button5" />
    <keyboard-shortcut first-keystroke="shift ctrl minus" />
  </action>
  <action id="GotoAction">
    <keyboard-shortcut first-keystroke="shift meta alt a" />
  </action>
  <action id="GotoChangedFile" />
  <action id="GotoClass" />
  <action id="GotoDeclaration">
    <mouse-shortcut keystroke="meta button1" />
    <mouse-shortcut keystroke="button2" />
  </action>
  <action id="GotoFile">
    <keyboard-shortcut first-keystroke="shift meta n" />
    <keyboard-shortcut first-keystroke="meta p" />
  </action>
  <action id="GotoImplementation">
    <keyboard-shortcut first-keystroke="meta alt b" />
    <mouse-shortcut keystroke="meta alt button1" />
    <keyboard-shortcut first-keystroke="meta alt down" />
  </action>
  <action id="GotoLine">
    <keyboard-shortcut first-keystroke="ctrl g" />
  </action>
  <action id="GotoNextBookmark">
    <keyboard-shortcut first-keystroke="f2" />
  </action>
  <action id="GotoNextError" />
  <action id="GotoPreviousBookmark">
    <keyboard-shortcut first-keystroke="shift f2" />
  </action>
  <action id="GotoPreviousError" />
  <action id="GotoSuperMethod" />
  <action id="GotoSymbol" />
  <action id="Graph.Delete">
    <keyboard-shortcut first-keystroke="delete" />
  </action>
  <action id="Images.Editor.ZoomIn" />
  <action id="Images.Editor.ZoomOut" />
  <action id="IncrementWindowHeight" />
  <action id="IncrementalSearch">
    <keyboard-shortcut first-keystroke="meta i" />
  </action>
  <action id="InsertLiveTemplate">
    <keyboard-shortcut first-keystroke="shift meta j" />
  </action>
  <action id="IntroduceField" />
  <action id="IntroduceVariable" />
  <action id="MoveLineDown">
    <keyboard-shortcut first-keystroke="ctrl meta down" />
  </action>
  <action id="MoveLineUp">
    <keyboard-shortcut first-keystroke="ctrl meta up" />
  </action>
  <action id="MoveStatementDown" />
  <action id="MoveStatementUp" />
  <action id="NewElement">
    <keyboard-shortcut first-keystroke="ctrl enter" />
    <keyboard-shortcut first-keystroke="meta n" />
  </action>
  <action id="NextOccurence">
    <keyboard-shortcut first-keystroke="f4" />
  </action>
  <action id="NextProjectWindow" />
  <action id="NextSplitter">
    <keyboard-shortcut first-keystroke="alt tab" />
    <keyboard-shortcut first-keystroke="meta k" second-keystroke="meta right" />
  </action>
  <action id="NextTab">
    <keyboard-shortcut first-keystroke="ctrl right" />
    <keyboard-shortcut first-keystroke="meta alt right" />
  </action>
  <action id="OpenInBrowser">
    <keyboard-shortcut first-keystroke="alt o" />
  </action>
  <action id="ParameterInfo">
    <keyboard-shortcut first-keystroke="ctrl space" />
  </action>
  <action id="PasteMultiple">
    <keyboard-shortcut first-keystroke="meta alt v" />
  </action>
  <action id="PrevSplitter">
    <keyboard-shortcut first-keystroke="shift alt tab" />
    <keyboard-shortcut first-keystroke="meta k" second-keystroke="meta left" />
  </action>
  <action id="PreviousOccurence">
    <keyboard-shortcut first-keystroke="meta alt up" />
    <keyboard-shortcut first-keystroke="shift f4" />
  </action>
  <action id="PreviousProjectWindow" />
  <action id="PreviousTab">
    <keyboard-shortcut first-keystroke="ctrl left" />
    <keyboard-shortcut first-keystroke="meta alt left" />
  </action>
  <action id="QuickChangeScheme">
    <keyboard-shortcut first-keystroke="ctrl meta back_quote" />
  </action>
  <action id="RecentFiles" />
  <action id="Refactorings.QuickListPopupAction">
    <keyboard-shortcut first-keystroke="shift meta alt t" />
    <keyboard-shortcut first-keystroke="meta t" />
  </action>
  <action id="RenameElement">
    <keyboard-shortcut first-keystroke="meta alt r" />
  </action>
  <action id="Replace">
    <keyboard-shortcut first-keystroke="meta alt f" />
  </action>
  <action id="ResizeToolWindowDown" />
  <action id="ResizeToolWindowUp" />
  <action id="SelectNextOccurrence">
    <keyboard-shortcut first-keystroke="meta alt g" />
    <keyboard-shortcut first-keystroke="meta e" />
  </action>
  <action id="SendEOF" />
  <action id="ShelvedChanges.Diff" />
  <action id="ShowBookmarks">
    <keyboard-shortcut first-keystroke="shift f11" />
    <keyboard-shortcut first-keystroke="shift meta f2" />
  </action>
  <action id="ShowNavBar">
    <keyboard-shortcut first-keystroke="alt s" />
  </action>
  <action id="SmartSearchAction">
    <keyboard-shortcut first-keystroke="shift meta d" />
    <keyboard-shortcut first-keystroke="ctrl h" />
  </action>
  <action id="StepOver">
    <keyboard-shortcut first-keystroke="f8" />
    <keyboard-shortcut first-keystroke="f13" />
  </action>
  <action id="SurroundWith">
    <keyboard-shortcut first-keystroke="meta alt t" />
    <keyboard-shortcut first-keystroke="shift ctrl w" />
  </action>
  <action id="SwitchApply">
    <keyboard-shortcut first-keystroke="ctrl alt enter" />
  </action>
  <action id="SwitchDown">
    <keyboard-shortcut first-keystroke="ctrl alt down" />
  </action>
  <action id="SwitchLeft">
    <keyboard-shortcut first-keystroke="ctrl alt left" />
  </action>
  <action id="SwitchRight">
    <keyboard-shortcut first-keystroke="ctrl alt right" />
  </action>
  <action id="SwitchUp">
    <keyboard-shortcut first-keystroke="ctrl alt up" />
  </action>
  <action id="ToggleBookmark">
    <keyboard-shortcut first-keystroke="f11" />
    <keyboard-shortcut first-keystroke="meta f2" />
  </action>
  <action id="Tool_External Tools_Prettier">
    <keyboard-shortcut first-keystroke="shift meta p" />
  </action>
  <action id="Tool_External Tools_Sync to CX Social staging">
    <keyboard-shortcut first-keystroke="meta b" />
  </action>
  <action id="Tool_External Tools_Sync to Engagor staging">
    <keyboard-shortcut first-keystroke="meta b" />
  </action>
  <action id="TypeHierarchy" />
  <action id="UsageView.Exclude">
    <keyboard-shortcut first-keystroke="delete" />
  </action>
  <action id="UsageView.ShowRecentFindUsages" />
  <action id="Vcs.ShowMessageHistory">
    <keyboard-shortcut first-keystroke="ctrl m" />
  </action>
  <action id="Vcs.UpdateProject" />
  <action id="ViewSource" />
  <action id="linessorter.sort">
    <keyboard-shortcut first-keystroke="shift alt l" />
    <keyboard-shortcut first-keystroke="f5" />
  </action>
  <action id="org.intellij.plugins.markdown.ui.actions.styling.ToggleBoldAction" />
  <action id="osmedile.intellij.stringmanip.WordsCapitalizeAction">
    <keyboard-shortcut first-keystroke="meta k" second-keystroke="meta t" />
  </action>
</keymap>