<application>
  <component name="FileTypeManager" version="17">
    <extensionMap>
      <mapping pattern="Ruby" type="Erlang" />
      <mapping pattern=".tsconfig" type="PLAIN_TEXT" />
      <mapping pattern=".git-crypt.key" type="PLAIN_TEXT" />
      <mapping pattern=".env-backup" type="PLAIN_TEXT" />
      <mapping pattern=".engagor_staging" type="PLAIN_TEXT" />
      <mapping pattern="LICENSE" type="PLAIN_TEXT" />
      <mapping pattern=".build.marker" type="PLAIN_TEXT" />
      <mapping ext="password" type="PLAIN_TEXT" />
      <mapping ext="lock" type="PLAIN_TEXT" />
      <removed_mapping ext="bat" approved="true" type="PLAIN_TEXT" />
      <removed_mapping ext="cmd" approved="true" type="PLAIN_TEXT" />
      <mapping pattern="Rakefile" type="ReST" />
      <removed_mapping ext="bat" approved="true" type="PLAIN_TEXT" />
      <removed_mapping ext="log" approved="true" type="PLAIN_TEXT" />
      <removed_mapping ext="dockerfile" approved="true" type="textmate" />
      <removed_mapping ext="makefile" approved="true" type="textmate" />
      <removed_mapping ext="cmd" approved="true" type="PLAIN_TEXT" />
      <removed_mapping ext="snakefile" approved="true" type="textmate" />
    </extensionMap>
  </component>
</application>