<application>
  <component name="FindSettings">
    <option name="customScope" value="All Places" />
    <option name="defaultScopeName" value="All Places" />
    <option name="SEARCH_SCOPE" value="All Places" />
    <mask>*.properties</mask>
    <mask>*.jsp</mask>
    <mask>*.xml</mask>
    <mask>*.java</mask>
    <mask>*.as</mask>
    <mask>*.mxml</mask>
    <mask>*.css</mask>
    <mask>*.md</mask>
    <mask>*.tsx</mask>
    <mask>*.jsx*</mask>
    <mask>*.js*</mask>
    <mask>*.jsx</mask>
    <mask>*.js</mask>
    <mask>*.html</mask>
    <mask>*.nix</mask>
    <mask>*.ts</mask>
    <mask>*.php</mask>
    <mask>*.scss</mask>
    <mask>*</mask>
    <mask>js</mask>
    <mask>php</mask>
  </component>
</application>